topic_id,topic_name,scripture_refs,description,status,claimed_by_email,claimed_by_name,claimed_at,teach_date,notes
BB-001,What Is the Bible and How Is It Structured?,,,Open,,,,,
BB-002,The Authority of Scripture (Why the Bible Is Trustworthy),,,Open,,,,,
BB-003,How to Read the Bible for Understanding,,,Open,,,,,
BB-004,The Difference Between the Old and New Testament,,,Open,,,,,
BB-005,The Creation Account (Genesis 1–2),,,Open,,,,,
BB-006,The Fall of Man and the Entrance of Sin,,,Open,,,,,
BB-007,God’s Covenant with Abraham,,,Open,,,,,
BB-008,Understanding the Law of Moses,,,Open,,,,,
BB-009,The Ten Commandments Explained,,,Open,,,,,
BB-010,What Is the Sabbath and How to Keep It Holy,,,Open,,,,,
BB-011,Clean and Unclean Laws in Scripture,,,Open,,,,,
BB-012,The Biblical Holy Days and Feasts,,,Open,,,,,
BB-013,What Is Sin According to the Bible?,,,Open,,,,,
BB-014,Repentance: What It Truly Means,,,Open,,,,,
BB-015,Faith According to Scripture,,,Open,,,,,
BB-016,Grace and Works: How They Work Together,,,Open,,,,,
BB-017,Baptism: Purpose and Meaning,,,Open,,,,,
BB-018,The Role of the Holy Spirit,,,Open,,,,,
BB-019,Prayer: How to Pray Biblically,,,Open,,,,,
BB-020,Fasting in the Bible,,,Open,,,,,
BB-021,Worship in Spirit and in Truth,,,Open,,,,,
BB-022,Understanding Biblical Salvation,,,Open,,,,,
BB-023,The Kingdom of God Explained,,,Open,,,,,
BB-024,Who Is Jesus Christ According to the Bible?,,,Open,,,,,
BB-025,The Messiah in Old Testament Prophecy,,,Open,,,,,
BB-026,The Crucifixion and Its Meaning,,,Open,,,,,
BB-027,The Resurrection of Christ,,,Open,,,,,
BB-028,The Great Commission,,,Open,,,,,
BB-029,The Twelve Apostles and Their Roles,,,Open,,,,,
BB-030,The Early Church in Acts,,,Open,,,,,
BB-031,The Fruit of the Spirit,,,Open,,,,,
BB-032,The Armor of God,,,Open,,,,,
BB-033,Spiritual Gifts in the Church,,,Open,,,,,
BB-034,Biblical Leadership in the Church,,,Open,,,,,
BB-035,Qualifications of Elders and Deacons,,,Open,,,,,
BB-036,The Importance of Sound Doctrine,,,Open,,,,,
BB-037,False Prophets and How to Identify Them,,,Open,,,,,
BB-038,Biblical Church Discipline,,,Open,,,,,
BB-039,Fellowship and Brotherhood in Christ,,,Open,,,,,
BB-040,Tithing and Biblical Giving,,,Open,,,,,
BB-041,Stewardship of Finances,,,Open,,,,,
BB-042,Biblical Marriage,,,Open,,,,,
BB-043,The Role of Husbands,,,Open,,,,,
BB-044,The Role of Wives,,,Open,,,,,
BB-045,Raising Children According to Scripture,,,Open,,,,,
BB-046,Honoring Father and Mother,,,Open,,,,,
BB-047,Modesty in Scripture,,,Open,,,,,
BB-048,Biblical Manhood,,,Open,,,,,
BB-049,Biblical Womanhood,,,Open,,,,,
BB-050,The Fear of the Lord,,,Open,,,,,
BB-051,Wisdom from Proverbs,,,Open,,,,,
BB-052,Understanding the Psalms,,,Open,,,,,
BB-053,The Life of Abraham,,,Open,,,,,
BB-054,The Life of Moses,,,Open,,,,,
BB-055,The Life of David,,,Open,,,,,
BB-056,The Life of Solomon,,,Open,,,,,
BB-057,The Divided Kingdom (Israel and Judah),,,Open,,,,,
BB-058,Major Prophets Overview,,,Open,,,,,
BB-059,Minor Prophets Overview,,,Open,,,,,
BB-060,Exile and Return from Babylon,,,Open,,,,,
BB-061,The Intertestamental Period,,,Open,,,,,
BB-062,The Birth of Christ,,,Open,,,,,
BB-063,The Parables of Jesus,,,Open,,,,,
BB-064,The Sermon on the Mount,,,Open,,,,,
BB-065,Miracles of Jesus,,,Open,,,,,
BB-066,The Book of Romans Explained Simply,,,Open,,,,,
BB-067,The Book of Hebrews Explained Simply,,,Open,,,,,
BB-068,The Book of Revelation Overview,,,Open,,,,,
BB-069,End Times Basics (Without Speculation),,,Open,,,,,
BB-070,The Judgment Day,,,Open,,,,,
BB-071,Heaven According to the Bible,,,Open,,,,,
BB-072,The Lake of Fire,,,Open,,,,,
BB-073,Angels in Scripture,,,Open,,,,,
BB-074,Satan and Spiritual Warfare,,,Open,,,,,
BB-075,Temptation and Overcoming Sin,,,Open,,,,,
BB-076,The Importance of Obedience,,,Open,,,,,
BB-077,Mercy and Forgiveness,,,Open,,,,,
BB-078,Loving Your Neighbor,,,Open,,,,,
BB-079,Dealing with Offense Biblically,,,Open,,,,,
BB-080,Peacemaking in the Church,,,Open,,,,,
BB-081,The Power of the Tongue,,,Open,,,,,
BB-082,Controlling Anger,,,Open,,,,,
BB-083,Humility Before God,,,Open,,,,,
BB-084,Pride and Its Dangers,,,Open,,,,,
BB-085,Contentment vs Covetousness,,,Open,,,,,
BB-086,Idolatry in Modern Times,,,Open,,,,,
BB-087,Holiness in Daily Living,,,Open,,,,,
BB-088,Being Set Apart (Sanctification),,,Open,,,,,
BB-089,Bearing Good Fruit,,,Open,,,,,
BB-090,Perseverance in Trials,,,Open,,,,,
BB-091,Suffering for Righteousness’ Sake,,,Open,,,,,
BB-092,Trusting God in Hard Times,,,Open,,,,,
BB-093,God’s Sovereignty,,,Open,,,,,
BB-094,Free Will and Responsibility,,,Open,,,,,
BB-095,Biblical Justice,,,Open,,,,,
BB-096,Mercy vs Sacrifice,,,Open,,,,,
BB-097,The Covenants of the Bible Overview,,,Open,,,,,
BB-098,The New Covenant Explained,,,Open,,,,,
BB-099,Israel in Biblical History,,,Open,,,,,
BB-100,The Gentiles in God’s Plan,,,Open,,,,,
BB-101,The Promise to David,,,Open,,,,,
BB-102,The Temple and Its Meaning,,,Open,,,,,
BB-103,Sacrifices in the Old Testament,,,Open,,,,,
BB-104,Clean Hearts vs Outward Religion,,,Open,,,,,
BB-105,Hypocrisy in Scripture,,,Open,,,,,
BB-106,The Narrow Way,,,Open,,,,,
BB-107,The Wide Gate,,,Open,,,,,
BB-108,The Good Shepherd,,,Open,,,,,
BB-109,The Vine and the Branches,,,Open,,,,,
BB-110,Spiritual Growth and Maturity,,,Open,,,,,
BB-111,Milk vs Strong Meat,,,Open,,,,,
BB-112,Being Doers of the Word,,,Open,,,,,
BB-113,The Love Chapter (1 Corinthians 13),,,Open,,,,,
BB-114,Order in the Church,,,Open,,,,,
BB-115,Respecting Authority,,,Open,,,,,
BB-116,Civil Government in Scripture,,,Open,,,,,
BB-117,Christian Conduct at Work,,,Open,,,,,
BB-118,Evangelism Basics,,,Open,,,,,
BB-119,Defending the Faith (Apologetics Basics),,,Open,,,,,
BB-120,The Importance of Unity,,,Open,,,,,
BB-121,Biblical Hospitality,,,Open,,,,,
BB-122,Serving One Another,,,Open,,,,,
BB-123,Faith Without Works Is Dead,,,Open,,,,,
BB-124,Overcoming Fear,,,Open,,,,,
BB-125,Patience and Longsuffering,,,Open,,,,,
BB-126,God’s Discipline,,,Open,,,,,
BB-127,The Remnant in Scripture,,,Open,,,,,
BB-128,Signs and Wonders in the Bible,,,Open,,,,,
BB-129,Testing the Spirits,,,Open,,,,,
BB-130,Avoiding Worldliness,,,Open,,,,,
BB-131,Being Light in the World,,,Open,,,,,
BB-132,Salt of the Earth,,,Open,,,,,
BB-133,Counting the Cost,,,Open,,,,,
BB-134,Taking Up Your Cross,,,Open,,,,,
BB-135,Enduring to the End,,,Open,,,,,
BB-136,The Bride of Christ,,,Open,,,,,
BB-137,Spiritual Accountability,,,Open,,,,,
BB-138,Restoration After Sin,,,Open,,,,,
BB-139,God’s Faithfulness,,,Open,,,,,
BB-140,Remembering God’s Works,,,Open,,,,,
BB-141,Gratitude and Thanksgiving,,,Open,,,,,
BB-142,The Power of Testimony,,,Open,,,,,
BB-143,Biblical Conflict Resolution,,,Open,,,,,
BB-144,Guarding Your Heart,,,Open,,,,,
BB-145,The Importance of Truth,,,Open,,,,,
BB-146,Walking in the Spirit,,,Open,,,,,
BB-147,Redeeming the Time,,,Open,,,,,
BB-148,Preparing for Persecution,,,Open,,,,,
BB-149,Living with Eternity in Mind,,,Open,,,,,
BB-150,Finishing the Race Faithfully,,,Open,,,,,
